SalePrice,BsmtQual,GarageArea,GrLivArea,TotalBsmtSF,1stFlrSF,OverallQual,Fireplaces,YearBuilt,GarageCars,2ndFlrSF,LotArea,BsmtFinSF1,YearRemodAdd,TotRmsAbvGrd,SaleCondition
208500,3,548,1710,856,856,7,0,2003,2,854,8450,706,2003,8,4
181500,3,460,1262,1262,1262,6,1,1976,2,0,9600,978,1976,6,4
223500,3,608,1786,920,920,7,1,2001,2,866,11250,486,2002,6,4
140000,4,642,1717,756,961,7,1,1915,3,756,9550,216,1970,7,4
250000,3,836,2198,1145,1145,8,1,2000,3,1053,14260,655,2000,9,4
143000,3,480,1362,796,796,5,0,1993,2,566,14115,732,1995,5,4
307000,1,636,1694,1686,1694,8,1,2004,2,0,10084,1369,2005,7,4
200000,3,484,2090,1107,1107,7,2,1973,2,983,10382,859,1973,7,4
129900,4,468,1774,952,1022,7,2,1931,2,752,6120,0,1950,8,4
118000,4,205,1077,991,1077,5,2,1939,1,0,7420,851,1950,5,4
129500,4,384,1040,1040,1040,5,0,1965,1,0,11200,906,1965,5,4
345000,1,736,2324,1175,1182,9,2,2005,3,1142,11924,998,2006,11,5
144000,4,352,912,912,912,5,0,1962,1,0,12968,737,1962,4,4
279500,3,840,1494,1494,1494,7,1,2006,3,0,10652,0,2007,7,5
157000,4,352,1253,1253,1253,6,1,1960,1,0,10920,733,1960,5,4
132000,4,576,854,832,854,7,0,1929,2,0,6120,0,2001,5,4
149000,4,480,1004,1004,1004,6,1,1970,2,0,11241,578,1970,5,4
90000,4,516,1296,0,1296,4,0,1967,2,0,10791,0,1967,6,4
159000,4,576,1114,1114,1114,5,0,2004,2,0,13695,646,2004,6,4
139000,4,294,1339,1029,1339,5,0,1958,1,0,7560,504,1965,6,4
325300,1,853,2376,1158,1158,8,1,2005,3,1218,14215,0,2006,9,5
139400,4,280,1108,637,1108,7,1,1930,1,0,7449,0,1950,6,4
230000,3,534,1795,1777,1795,8,1,2002,2,0,9742,0,2002,7,4
129900,3,572,1060,1040,1060,5,1,1976,2,0,4224,840,1976,6,4
154000,4,270,1060,1060,1060,5,1,1968,1,0,8246,188,2001,6,4
256300,3,890,1600,1566,1600,8,1,2007,3,0,14230,0,2007,7,4
134800,4,576,900,900,900,5,0,1951,2,0,7200,234,2000,5,4
306000,1,772,1704,1704,1704,8,1,2007,3,0,11478,1218,2008,7,4
207500,4,319,1600,1484,1600,5,2,1957,1,0,16321,1277,1997,6,4
68500,4,240,520,520,520,4,0,1927,1,0,6324,0,1950,4,4
40000,4,250,1317,649,649,4,0,1920,1,668,8500,0,1950,6,4
149350,4,271,1228,1228,1228,5,0,1966,1,0,8544,0,2006,6,4
179900,1,484,1234,1234,1234,8,0,2007,2,0,11049,0,2007,7,4
165500,4,447,1700,1398,1700,5,1,1959,2,0,10552,1018,1959,6,4
277500,1,556,1561,1561,1561,9,1,2005,2,0,7313,1153,2005,6,4
309000,1,691,2452,1117,1132,8,1,2004,3,1320,13418,0,2005,9,4
145000,3,672,1097,1097,1097,5,0,1994,2,0,10859,0,1995,6,4
153000,4,498,1297,1297,1297,5,1,1954,2,0,8532,1213,1990,5,4
109000,4,246,1057,1057,1057,5,0,1953,1,0,7922,731,2007,5,4
160000,4,440,1324,1088,1324,6,1,1965,2,0,8658,643,1965,6,4
170000,4,308,1328,1350,1328,5,2,1959,1,0,16905,967,1959,5,4
144000,3,504,884,840,884,5,0,1983,2,0,9180,747,1983,5,4
130250,3,308,938,938,938,5,0,1975,1,0,9200,280,1980,5,4
141000,4,300,1150,1150,1150,5,0,1959,1,0,7945,179,1959,6,4
319900,1,576,1752,1752,1752,9,1,2005,2,0,7658,456,2005,6,4
239686,1,670,2149,1434,1518,7,1,2003,2,631,12822,1351,2003,6,4
249700,3,826,1656,1656,1656,8,0,2006,3,0,11096,24,2006,7,4
113000,4,0,1452,736,736,4,0,1920,0,716,4456,0,2008,8,5
127000,4,386,955,955,955,5,0,1966,1,0,7742,763,1966,6,4
177000,3,388,1470,794,794,6,0,1997,2,676,13869,182,1997,6,4
114500,4,528,1176,816,816,6,1,1934,2,0,6240,0,1950,6,4
110000,3,516,816,816,816,5,0,1963,2,0,8472,104,1963,5,4
130000,4,572,1360,384,1360,5,1,1955,2,0,7134,384,1955,6,4
180500,4,576,1425,1425,1425,6,1,1964,2,0,10175,490,1964,7,4
172500,3,480,1739,970,983,8,0,1999,2,756,2645,649,2000,7,4
196500,3,565,1720,860,860,7,0,2004,2,860,11645,0,2004,7,4
124900,4,352,780,780,780,5,0,1972,1,0,7200,632,1972,4,4
158000,3,576,1158,1158,1158,6,0,2004,2,0,13072,941,2004,5,5
101000,4,288,1111,530,581,5,0,1920,1,530,7200,0,1996,6,4
202500,3,484,1370,1370,1370,8,1,2006,2,0,6442,24,2006,6,4
140000,4,480,1710,576,902,7,0,1921,2,808,10300,0,1950,9,4
219500,3,645,2034,1057,1057,7,0,1997,2,977,9375,739,1998,8,4
317000,1,852,2473,1143,1143,8,1,2004,3,1330,9591,0,2005,9,4
180000,3,576,2207,1947,2207,7,1,1970,2,0,19900,912,1989,7,4
226000,3,558,1479,1453,1479,7,0,2003,2,0,10665,1013,2003,7,4
80000,4,220,747,747,747,4,0,1945,1,0,4608,0,1950,4,4
225000,4,667,2287,1304,1304,7,1,1953,2,983,15593,603,1953,7,4
129500,4,360,845,845,845,4,0,1982,2,0,7599,565,2006,4,4
185000,3,427,1718,832,885,7,1,1998,2,833,10141,0,1998,7,4
144900,4,490,1086,1086,1086,5,0,1954,2,0,10200,320,2003,6,4
107400,2,379,1605,840,840,3,0,1915,1,765,5790,0,1950,8,4
91000,3,297,988,462,526,4,0,1973,1,462,1596,462,1973,5,4
135750,4,283,952,952,952,4,0,1956,1,0,8475,228,1956,4,4
127000,4,240,1285,672,1072,5,0,1948,1,213,8635,336,2001,6,4
136500,4,0,1768,1768,1768,4,0,1968,0,0,10778,0,1968,8,4
110000,4,440,1230,440,682,5,0,1910,2,548,10440,0,1981,5,4
193500,3,509,2142,896,1182,6,1,1968,1,960,13000,448,1968,8,4
153500,1,405,1337,1237,1337,6,0,1998,2,0,4500,1201,1998,5,4
245000,3,758,1563,1563,1563,8,1,2007,3,0,10206,33,2007,6,4
126500,4,461,1065,1065,1065,5,0,1960,2,0,8892,0,1960,6,4
168500,3,400,1474,384,804,7,1,1995,2,670,8530,0,1996,7,4
260000,3,462,2417,1288,1301,8,1,1991,2,1116,16059,0,1992,9,4
174000,3,400,1560,684,684,6,1,2005,2,876,11911,0,2005,6,4
164500,3,528,1224,612,612,6,0,2009,2,612,3951,0,2009,4,5
85000,4,0,1526,1013,1013,3,0,1915,0,0,8470,0,1982,6,4
123600,3,0,990,990,990,4,0,1994,0,0,8070,588,1995,5,4
109900,4,420,1040,0,1040,4,0,1950,2,0,7200,0,1950,4,4
98600,4,480,1235,1235,1235,5,0,1961,2,0,8500,600,1961,6,4
163500,3,432,964,876,964,5,0,1921,2,0,13360,713,2006,5,4
133900,4,506,2291,1214,1260,6,1,1910,2,1031,7200,1046,1998,9,4
204750,3,684,1786,824,905,6,0,1997,2,881,9337,648,1997,7,4
185000,3,420,1470,680,680,6,1,1993,2,790,9765,310,1993,6,4
214000,3,472,1588,1588,1588,7,0,1999,2,0,10264,1162,1999,6,4
94750,4,432,960,960,960,4,0,1965,1,0,10921,520,1965,6,4
83000,4,366,835,458,835,5,0,1920,1,0,10625,108,1950,5,4
128950,4,0,1225,950,1225,4,0,1959,0,0,9320,569,1959,6,4
205000,4,480,1610,1610,1610,6,2,1977,2,0,10603,1200,2001,6,4
178000,3,476,1732,741,977,6,1,1985,2,755,9206,0,1985,7,4
198900,3,740,1226,1226,1226,7,0,2009,3,0,10402,0,2009,6,4
169500,4,240,1818,1040,1226,7,2,1931,1,592,7758,224,1950,7,4
250000,1,648,1992,1053,1053,8,1,2003,2,939,9375,0,2004,9,4
100000,2,273,1047,641,1047,4,0,1885,1,0,10800,0,1995,6,4
115000,4,250,789,789,789,5,0,1948,1,0,6000,104,1950,5,5
115000,4,0,1517,793,997,5,0,1919,0,520,8500,0,2005,7,4
190000,3,546,1844,1844,1844,6,1,1977,2,0,11751,705,1977,7,4
136900,4,325,1855,994,1216,6,0,1954,1,639,9525,444,1972,7,4
180000,3,400,1430,384,774,7,1,2000,2,656,7750,250,2000,7,4
383970,1,792,2696,1264,1282,7,1,2007,3,1414,9965,984,2007,10,5
217000,3,450,2259,1809,2259,6,2,1953,2,0,21000,35,1953,7,4
259500,4,180,2320,1028,1436,6,1,1945,1,884,7259,774,2002,9,4
176000,3,440,1458,729,729,6,1,1999,2,729,3230,419,1999,5,4
139000,4,288,1092,1092,1092,5,1,1962,1,0,11616,170,1962,6,4
155000,3,430,1125,1125,1125,5,0,2006,2,0,8536,0,2007,5,5
163990,3,390,1456,728,728,6,1,2005,2,728,8461,0,2006,8,5
180000,4,540,988,938,988,6,2,1969,2,0,21453,938,1969,4,4
100000,4,264,1123,732,772,4,0,1939,1,351,6060,0,1950,4,4
136000,4,288,1080,1080,1080,6,0,1958,1,0,9464,570,1958,5,4
153900,3,530,1199,1199,1199,6,0,1993,2,0,7892,300,1993,5,4
181000,3,435,1586,1362,1586,6,1,1979,2,0,17043,0,1998,7,4
84500,4,0,754,520,520,6,0,1935,0,0,6780,490,1982,5,4
128000,3,440,958,1078,958,6,1,1976,2,0,4928,120,1976,5,4
87000,4,0,840,672,840,5,1,1930,0,0,4388,116,1950,5,4
155000,4,453,1348,660,660,6,1,1966,2,688,7590,512,1966,6,4
150000,4,750,1053,1008,1053,5,0,1958,2,0,8973,567,1991,6,4
226000,4,487,2157,924,1216,7,2,1966,2,941,14200,445,1966,8,4
244000,3,390,2054,992,1022,6,1,2000,2,1032,12224,695,2000,7,4
150750,4,624,1327,1063,1327,5,0,1959,2,0,7388,405,2002,7,4
220000,1,471,1296,1267,1296,8,0,2001,2,0,6853,1005,2002,6,4
180000,4,440,1721,1461,1721,5,1,1968,2,0,10335,570,1993,7,4
174000,4,530,1682,1304,1682,7,1,1970,2,0,10400,0,1970,7,4
143000,4,318,1214,1214,1214,5,1,1967,1,0,10355,695,1967,5,4
171000,4,766,1959,1907,1959,7,0,1988,3,0,11070,0,1989,9,3
230000,3,660,1852,1004,1004,8,2,1999,3,848,9066,668,2000,7,4
231500,3,470,1764,928,928,6,0,1997,2,836,15426,821,1997,7,4
115000,4,0,864,864,864,4,1,1971,0,0,10500,432,1971,5,4
260000,3,660,1734,1734,1734,7,0,2005,2,0,11645,1300,2005,7,4
166000,4,720,1385,910,910,5,0,1952,2,475,8520,507,1952,6,4
204000,3,577,1501,1490,1501,7,0,1999,2,0,10335,679,1999,6,4
125000,4,504,1728,1728,1728,5,0,1963,2,0,9100,1332,1963,10,4
130000,3,380,1709,970,970,6,0,2004,2,739,2522,0,2006,7,4
105000,4,180,875,715,875,5,0,1931,1,0,6120,209,1993,5,4
222500,3,434,2035,884,884,7,1,2001,2,1151,9505,0,2001,8,4
141000,3,0,1080,1080,1080,7,0,2004,0,0,7500,680,2005,6,4
115000,3,240,1344,896,896,5,0,1936,1,448,6240,0,1950,7,4
122000,4,440,969,969,969,5,0,1975,2,0,10356,716,1975,5,4
372402,1,866,1710,1710,1710,8,1,2007,3,0,13891,1400,2008,6,5
190000,4,495,1993,825,1097,6,1,1971,2,896,14803,416,1971,8,4
235000,3,564,1252,1602,1252,6,1,1960,2,0,13500,429,1975,4,4
125000,4,312,1200,1200,1200,6,0,1923,1,0,11340,0,1950,7,3
79000,4,0,1096,572,572,6,0,1924,0,524,9600,0,1950,5,4
109500,4,625,1040,0,1040,5,0,1950,2,0,7200,0,1950,5,4
269500,1,680,1968,774,774,8,1,2009,3,1194,12003,0,2010,8,5
254900,3,678,1947,991,991,7,1,2004,2,956,12552,222,2005,8,4
320000,3,576,2462,1392,1392,7,1,2005,2,1070,19378,57,2006,9,5
162500,3,516,1232,1232,1232,6,0,1984,2,0,11120,660,1984,6,4
412500,1,726,2668,1572,1572,9,2,2003,3,1096,13688,1016,2004,10,4
220000,3,532,1541,1541,1541,7,1,2005,2,0,12182,1201,2005,7,5
103200,4,0,882,882,882,4,0,1956,0,0,5500,0,1956,4,4
152000,4,216,1616,1149,1149,6,0,1926,1,467,5400,370,2004,5,4
127500,4,0,1355,644,808,5,0,1940,0,547,10106,351,1999,6,4
325624,1,789,2161,1582,1610,8,1,2007,3,551,10562,1288,2007,8,5
183500,3,440,1720,840,840,7,1,2004,2,880,8244,0,2004,7,4
228000,3,511,1707,1686,1707,8,1,1981,2,0,16669,0,1981,6,4
128500,4,660,1382,720,854,5,0,1941,2,0,12358,360,1950,7,4
215000,4,528,1656,1080,1656,6,2,1960,2,0,31770,639,1960,7,4
239000,3,504,1767,1064,1064,7,1,1987,2,703,5306,495,1987,5,4
163000,4,504,1362,1362,1362,6,1,1961,2,0,10197,288,1961,6,4
184000,3,616,1651,1606,1651,6,1,1986,2,0,12416,1398,1986,7,4
243000,4,576,2158,1202,2158,6,1,1950,2,0,12615,477,2001,7,4
211000,3,521,2060,1151,1164,6,1,1988,2,896,10029,831,1989,8,4
172500,4,451,1920,1052,1252,5,1,1958,2,668,13650,57,1958,8,4
100000,4,480,968,968,968,5,0,1923,2,0,8520,0,2006,5,4
177000,3,440,1525,756,769,6,1,2000,2,756,2117,436,2000,5,4
200100,2,216,1802,793,901,7,1,1920,1,901,7588,352,1950,9,4
120000,4,252,1340,0,1340,5,1,1957,1,0,9060,0,2006,7,4
200000,3,484,2082,1362,1362,7,0,2003,2,720,11426,0,2003,6,4
127000,2,576,1252,504,936,5,0,1908,2,316,7438,0,1991,5,4
173000,3,497,1217,1188,1217,7,0,1990,2,0,9947,611,1991,6,4
135000,2,180,1656,660,808,5,0,1916,1,704,10410,0,1987,8,4
286000,1,682,1593,1593,1593,8,1,2001,2,0,4923,1153,2002,5,4
315000,3,440,2727,853,1549,8,2,1932,2,1178,10570,297,1994,10,4
184000,4,484,1479,725,725,7,0,1972,2,754,7472,626,2004,7,4
192000,3,666,1431,1431,1431,7,0,1999,2,0,9017,560,1999,6,4
130000,3,380,1709,970,970,7,0,2004,2,739,2522,0,2004,7,4
127000,4,352,864,864,864,5,0,1972,1,0,7180,390,1972,5,4
148500,3,440,1456,855,855,6,1,1976,2,601,2280,566,1976,7,4
311872,1,786,1726,1726,1726,7,1,2007,3,0,9416,1126,2007,8,5
104000,4,0,2229,755,929,6,0,1912,0,929,5520,0,1950,8,4
274900,1,856,1713,1713,1713,8,1,2004,3,0,9591,1088,2005,7,4
140000,3,440,1121,1121,1121,4,0,2003,2,0,8546,0,2004,5,4
171500,4,473,1279,1196,1279,6,2,1977,2,0,10125,641,1977,6,4
112000,2,398,1310,617,865,6,0,1924,1,445,7000,617,1950,6,4
149000,3,420,848,848,848,6,1,2004,2,0,4438,662,2004,3,4
110000,4,240,1284,720,720,5,0,1947,1,564,3500,312,1950,5,4
180500,3,500,1442,1424,1442,7,0,1990,2,0,11851,0,1990,5,4
143900,4,349,1696,1140,1696,5,1,1962,1,0,13673,0,1962,8,4
141000,4,312,1100,1100,1100,4,1,1960,1,0,12493,419,1960,6,4
277000,3,454,2062,1157,1180,7,1,1988,2,882,14364,1065,1989,7,4
145000,3,504,1092,1092,1092,6,0,1964,2,0,8250,787,1964,6,4
98000,4,0,864,864,864,5,0,1925,0,0,5604,468,1950,5,4
186000,3,460,1212,1212,1212,6,0,2009,2,0,10420,36,2009,6,4
252678,3,644,1852,900,932,7,1,2009,2,920,8640,822,2009,7,5
156000,3,576,990,990,990,5,0,1995,2,0,13568,716,1995,5,4
161750,3,299,1392,689,689,6,0,1977,1,703,10900,378,1977,6,4
134450,4,447,1236,1070,1236,5,1,1957,1,0,10011,360,1996,6,4
210000,3,484,1436,1436,1436,7,0,2004,2,0,8450,946,2004,8,4
107000,4,210,1328,686,810,4,0,1925,1,518,9906,0,1950,8,3
311500,4,431,1954,798,1137,7,2,1939,2,817,15660,341,2006,8,4
167240,3,438,1248,1248,1248,7,0,2005,2,0,3010,16,2006,5,5
204900,3,675,1498,1498,1498,7,0,2006,2,0,8990,0,2006,5,5
200000,3,390,2267,1010,1010,6,1,2002,2,1257,8068,0,2002,8,4
179900,3,434,1552,713,811,6,1,1975,2,741,11475,550,1975,6,4
97000,4,576,864,864,864,4,0,1971,2,0,10500,524,1971,4,4
112000,4,280,1302,630,630,5,0,1971,1,672,1680,0,1971,6,4
290000,3,721,2520,1203,1214,7,1,1995,3,1306,9950,565,1995,9,4
106000,4,280,987,483,483,6,0,1970,1,504,1869,321,1970,5,4
125000,4,336,912,912,912,5,1,1967,1,0,8521,842,1967,5,4
192500,3,430,1555,1373,1555,7,1,2005,2,0,3182,16,2006,7,4
148000,4,312,1194,1194,1194,6,0,1959,1,0,8760,0,1959,6,4
403000,3,810,2794,1462,1490,8,1,1995,3,1304,15138,689,1996,9,4
94500,4,288,987,483,483,6,1,1972,1,504,1680,0,1972,5,4
128200,4,308,894,894,894,5,0,1976,1,0,10650,182,1976,5,4
216500,3,440,1960,860,860,6,2,2002,2,1100,7851,625,2002,8,4
89500,4,264,987,483,483,6,0,1971,1,504,1680,358,1971,5,4
185500,3,494,1414,1414,1414,7,0,2004,2,0,8773,24,2004,6,4
194500,3,457,1744,996,1014,7,0,1993,2,730,9453,402,2003,7,4
318000,1,818,1694,1694,1694,8,0,2007,3,0,12030,0,2007,7,5
113000,4,220,1487,735,798,6,1,1945,1,689,8741,94,1950,7,4
262500,3,750,1566,1566,1566,8,0,2008,2,0,9000,1078,2008,7,4
110500,4,0,866,686,866,5,0,1945,0,0,3880,329,1997,4,4
79000,4,352,1440,540,889,5,0,1900,1,551,5000,0,1950,6,4
120000,3,288,1217,626,626,6,1,1980,1,591,10762,0,1980,6,4
205000,3,463,2110,948,1222,7,2,1994,2,888,8880,695,2002,8,4
241500,3,604,1872,1845,1872,7,1,1988,2,0,10400,929,1988,6,4
137000,2,440,1928,1020,908,6,0,1910,1,1020,9142,0,1950,9,4
140000,4,451,1375,1367,1375,6,1,1954,2,0,11310,0,1954,5,4
180000,3,500,1668,840,840,7,0,2003,2,828,11317,0,2003,8,4
76500,4,0,1306,728,1306,3,0,1940,0,0,5350,0,1966,6,4
235000,3,538,1625,1573,1625,8,1,2006,2,0,4750,1573,2007,5,3
173000,3,520,1640,798,798,6,0,2004,2,842,8366,0,2004,6,4
158000,3,309,1302,1302,1302,6,0,1964,1,0,9350,270,1991,7,4
145000,4,294,1314,1314,1314,5,0,1957,1,0,8400,922,1957,5,4
230000,3,429,2291,975,1005,7,1,1999,2,1286,8738,0,1999,8,4
207500,3,673,1728,864,864,6,0,2003,2,864,8791,503,2003,7,4
220000,3,660,1604,1604,1604,7,1,2006,2,0,8814,1334,2006,8,4
231500,3,564,1792,963,963,7,1,2001,2,829,12435,361,2001,7,4
97000,4,308,882,0,882,5,0,1956,1,0,12702,0,1956,4,4
176000,4,884,1382,1362,1382,6,1,1962,2,0,19296,672,1962,6,4
276000,1,868,2574,1482,1482,8,1,2007,3,1092,9588,0,2007,10,5
151000,3,492,1212,506,1212,6,1,1977,2,0,8471,506,1995,6,4
130000,4,484,1316,926,926,5,0,1929,2,0,5500,234,2001,6,4
73000,2,504,764,680,764,5,0,1925,2,0,5232,0,2004,4,4
175500,3,576,1422,1422,1422,6,1,1981,2,0,12090,588,1981,7,4
185000,3,413,1511,802,802,6,1,1997,2,709,11207,714,1997,8,4
179500,4,240,2192,720,1052,5,1,1939,1,720,8400,378,1997,8,4
120500,4,924,778,740,778,5,1,1940,1,0,6900,403,1955,4,4
148000,4,504,1113,1143,1113,6,1,1976,1,0,7917,751,1976,6,4
266000,3,1053,1939,1095,1095,8,1,2006,3,844,10728,0,2006,8,5
241500,3,439,1363,1385,1363,7,2,1954,2,0,39104,226,2005,5,4
290000,3,671,2270,1152,1164,8,1,1999,3,1106,11764,524,2007,9,4
139000,4,338,1632,1240,1632,6,1,1958,1,0,9600,620,1988,6,4
124500,4,264,816,816,816,5,0,1982,1,0,8314,546,1982,5,4
205000,4,672,1548,952,952,7,0,1925,2,596,7264,0,2007,5,4
201000,1,573,1560,1560,1560,7,0,2003,2,0,9196,0,2003,7,4
141000,4,400,864,864,864,4,0,1951,2,0,19138,120,1951,4,4
415298,1,732,2121,2121,2121,9,1,2006,3,0,14450,0,2007,8,5
192000,3,505,2022,1160,1156,7,1,1977,2,866,10005,392,1977,8,4
228500,3,575,1982,807,1175,7,1,1989,2,807,11287,421,1989,7,4
185000,3,572,1262,1262,1262,6,0,2006,2,0,7200,905,2006,5,5
207500,3,626,1314,1314,1314,7,1,2007,2,0,5063,904,2008,6,4
244600,3,898,1468,1468,1468,8,1,2008,3,0,9612,0,2009,6,5
179200,3,529,1575,1575,1575,6,0,1992,2,0,8012,430,1992,5,4
164700,3,528,1250,625,625,7,0,2006,2,625,4251,0,2007,5,5
159000,4,440,1734,912,1085,6,1,1962,2,649,9786,600,1981,7,4
88000,4,0,858,858,858,4,0,1971,0,0,8125,614,1971,5,4
122000,4,280,900,882,900,5,0,1967,1,0,9819,450,1967,5,4
153575,4,384,1396,698,698,6,0,1915,1,698,8730,0,2003,7,4
233230,3,685,1919,1079,1079,8,1,2006,2,840,15611,0,2006,8,5
135900,4,0,1716,780,936,5,0,1912,0,780,5687,210,2000,9,4
131000,4,281,1716,768,1148,5,1,1949,1,568,11409,292,2008,8,4
235000,4,539,2263,795,1468,7,1,1977,2,795,16659,795,1994,9,4
167000,4,418,1644,1416,1644,6,2,1953,2,0,9600,1285,1953,7,4
142500,4,588,1003,1003,1003,6,0,1984,2,0,7937,819,1984,6,4
152000,4,282,1558,910,910,5,0,1950,1,648,13710,420,1950,6,4
239000,3,576,1950,975,975,7,1,1997,2,975,7399,649,1998,7,4
175000,4,539,1743,702,1041,6,1,1968,2,702,11700,384,1968,7,4
158500,4,300,1152,1092,1152,6,1,1950,1,0,14000,0,2004,6,3
157000,4,375,1336,1165,1336,5,2,1953,1,0,15750,841,1953,5,4
267000,3,683,2452,1028,1210,8,1,1998,2,1242,16226,281,1999,9,4
205000,3,843,1541,1541,1541,7,1,2001,3,0,13704,0,2002,6,4
149900,4,552,894,894,894,5,0,1972,2,0,9800,894,1972,5,4
305900,3,888,2000,2000,2000,8,0,2004,3,0,10386,1464,2005,8,4
225000,3,746,2243,700,1122,7,1,1990,3,1121,13474,700,1991,8,4
89500,4,0,1406,319,1035,6,0,1920,0,371,7920,0,1950,6,4
82500,4,539,861,861,861,4,0,1940,2,0,12342,262,1950,4,4
165600,3,420,1501,697,697,6,1,1993,2,804,7685,518,1994,6,4
132000,4,240,972,972,972,6,1,1948,1,0,8000,680,2002,5,4
119900,3,410,1118,793,793,5,1,1939,2,325,7800,507,1950,5,4
178000,4,546,1641,728,832,7,1,1925,2,809,9600,16,1990,6,4
188500,3,432,1432,716,716,7,1,2004,2,716,7795,425,2005,6,4
260000,3,484,2353,845,1153,7,1,1980,2,1200,13005,692,1980,10,4
270000,3,1025,1959,1088,1088,8,1,2006,3,871,9000,0,2006,8,4
260000,3,656,2646,1347,1372,7,1,1993,3,1274,9900,987,1993,9,4
187500,3,588,1472,1372,1472,7,2,1980,2,0,14115,1036,1980,6,4
342643,1,840,2596,1249,1249,9,0,2006,3,1347,16259,0,2006,9,5
354000,1,872,2468,1136,1136,8,1,2004,3,1332,12099,970,2004,10,4
301000,4,576,2730,1502,1553,7,1,1986,2,1177,10380,28,1987,8,4
126175,4,220,1163,1162,1163,3,0,1955,1,0,5820,256,2005,6,4
242000,3,564,2978,710,1898,7,1,1967,2,1080,11275,0,2007,11,4
87000,4,360,803,720,803,5,0,1941,2,0,5000,116,1950,5,4
324000,3,473,1719,1719,1719,8,2,1993,2,0,10846,1619,1993,6,4
145250,4,292,1383,1383,1383,6,0,1960,1,0,11600,565,1960,7,4
214500,4,441,2134,844,1445,6,0,1916,2,689,11888,0,1994,10,4
78000,4,189,1192,596,596,5,0,1920,1,596,6402,0,1950,6,4
119000,4,352,1728,1728,1728,5,0,1964,1,0,10624,40,1964,10,4
139000,4,308,1056,1056,1056,5,0,1958,1,0,8176,846,1992,6,4
207000,3,484,1358,1358,1358,7,1,2004,2,0,8198,720,2004,6,4
192000,3,472,1638,943,943,6,2,1998,2,695,9042,828,1998,7,4
377426,1,676,1922,1922,1922,9,1,2005,3,0,14157,1249,2006,8,4
214000,3,532,1536,1536,1536,7,0,2002,2,0,9135,810,2003,7,4
202500,3,440,1621,1208,1621,7,0,1984,2,0,14145,213,1998,8,4
155000,4,297,1215,1215,1215,6,0,1958,1,0,12400,585,1998,6,4
202900,3,431,1908,967,993,8,0,2002,2,915,14191,0,2002,9,4
82000,4,294,841,721,841,4,0,1950,1,0,8400,0,1950,4,4
87500,4,400,1040,0,1040,3,0,1949,2,0,8544,0,1950,6,4
266000,1,564,1684,1684,1684,9,1,2005,2,0,8849,28,2005,6,4
85000,3,336,1112,536,536,5,0,1976,1,576,2592,129,1976,4,4
140200,4,312,1577,972,972,6,1,1939,1,605,6435,0,1950,6,4
151500,4,301,958,958,958,6,0,1960,1,0,12772,498,1998,5,4
157500,4,498,1478,1478,1478,6,2,1960,2,0,17600,1270,1960,6,4
154000,3,474,1626,764,764,7,0,2003,2,862,2448,573,2004,6,4
318061,1,617,1869,1869,1869,9,1,2007,2,0,7820,0,2007,6,5
190000,3,445,1453,1453,1453,7,1,1986,2,0,5271,1082,1986,6,4
95000,4,200,1111,616,616,5,0,1941,1,495,9084,236,1950,5,4
105900,4,484,720,624,720,6,0,1928,2,0,8520,0,2003,5,4
140000,4,240,1595,940,1192,6,2,1940,1,403,8400,388,2000,6,4
177500,3,521,1200,1200,1200,6,0,1995,2,0,11249,334,1995,6,4
173000,3,400,1167,1158,1167,6,0,1992,2,0,9248,560,1992,6,4
134000,3,528,1142,1142,1142,5,1,1976,2,0,4224,874,1976,6,4
130000,4,288,1352,1062,1352,5,0,1958,1,0,6930,300,1958,6,4
280000,3,592,1924,1086,1086,8,1,1998,2,838,12011,956,1998,7,4
156000,3,470,912,888,912,6,1,1978,2,0,7540,773,1978,5,4
145000,4,240,1505,883,988,5,0,1940,1,517,9144,399,1982,8,4
198500,4,672,1922,0,495,7,1,2003,2,1427,7301,0,2003,7,4
118000,4,264,987,483,483,6,0,1972,1,504,1680,162,2007,5,4
190000,3,566,1574,796,790,6,1,1976,2,784,18800,712,1976,6,4
147000,4,468,1344,672,672,5,0,1920,1,672,10690,456,1997,6,4
159000,3,514,1394,1394,1394,6,2,1963,2,0,9500,609,1963,6,4
165000,3,296,1431,1099,1431,6,1,1962,1,0,9150,371,1962,6,4
132000,4,244,1268,1268,1268,5,1,1954,1,0,7800,540,1954,7,4
162000,4,576,1287,1063,1287,5,1,1959,2,0,9830,72,2006,7,4
172400,3,460,1664,953,953,6,1,2000,2,711,8121,0,2000,7,4
134432,4,680,1588,0,1120,4,1,1959,2,468,17120,0,1959,7,4
125000,3,264,752,744,752,6,0,1984,1,0,7175,623,1984,4,4
123000,4,270,1319,608,1319,5,0,1953,1,0,10634,428,1953,5,4
219500,3,434,1928,847,847,7,1,2003,2,1081,8200,0,2004,8,4
148000,3,576,914,870,914,5,0,1996,2,0,8846,298,1996,5,4
340000,3,610,2466,1580,1580,8,1,2004,2,886,11143,0,2005,8,4
394432,1,834,1856,1856,1856,9,1,2010,3,0,11394,1445,2010,8,5
179000,3,463,1800,982,1007,6,1,2000,2,793,8123,0,2000,7,4
127000,4,308,1691,1026,1026,5,1,1924,1,665,5000,218,1950,6,4
187750,3,572,1301,1293,1301,7,1,2006,2,0,7200,0,2006,5,5
213500,3,639,1797,939,939,7,0,2006,2,858,9245,0,2006,8,4
76000,2,360,784,784,784,6,0,1928,2,0,9000,0,1950,5,4
192000,3,430,1269,1256,1269,8,1,2004,2,0,3182,24,2005,6,4
125000,4,352,1125,1041,1125,6,1,1976,1,0,7200,631,1976,6,4
191000,3,577,1479,1468,1479,7,0,1999,2,0,9382,0,2000,6,4
119000,4,384,1367,861,961,5,0,1900,1,406,8405,241,1950,7,4
215000,1,560,1961,804,804,6,1,2001,2,1157,12209,690,2002,7,4
106500,4,294,882,0,882,5,0,1959,1,0,8339,0,1959,5,4
100000,4,0,788,788,788,4,2,1941,0,0,7446,266,1950,4,4
109000,4,240,1034,735,735,5,0,1940,1,299,10134,0,1950,5,4
129000,4,596,1144,1144,1144,5,0,1956,1,0,9571,739,1956,6,4
123000,4,600,894,894,894,5,0,1972,2,0,7200,777,1972,6,4
169500,4,264,1812,864,876,5,1,1962,1,936,7590,540,1962,8,4
67000,2,338,1077,961,1077,5,0,1920,1,0,8967,0,1950,6,4
241000,3,438,1550,1092,1112,7,0,2006,2,438,8125,812,2007,7,4
245500,3,500,1288,1260,1288,8,2,1996,2,0,14963,786,1996,4,4
164990,3,400,1310,1310,1310,7,1,2005,2,0,8767,24,2005,6,5
108000,4,240,672,672,672,5,0,1940,1,0,10200,0,1997,4,4
258000,3,420,2263,1141,1165,8,1,1998,2,1098,12090,0,1998,10,4
168000,3,373,1572,806,806,6,1,1995,2,766,10364,0,1996,7,4
150000,4,490,1620,1281,1620,4,1,1976,2,0,9991,1116,1993,8,4
115000,4,240,1639,1064,1166,6,0,1936,1,0,10480,0,1950,6,4
177000,3,308,1680,840,840,6,0,1915,1,840,15576,0,1976,8,4
280000,1,947,2172,1063,1071,7,1,2006,3,1101,14154,0,2006,9,5
339750,1,836,2078,1034,1050,8,1,2007,3,1028,10800,789,2008,8,5
60000,4,350,1276,1276,1276,5,0,1958,1,0,9571,0,1958,5,4
145000,4,572,1056,1056,1056,5,0,1955,2,0,34650,1056,1955,5,4
222000,1,484,1478,1470,1478,7,1,2009,2,0,4403,578,2009,7,5
115000,4,360,1028,1008,1028,5,1,1927,2,0,8960,0,1950,5,4
228000,3,678,2097,1080,1080,7,1,1993,3,1017,11228,50,1993,9,4
181134,3,396,1340,1340,1340,7,0,2007,2,0,8899,24,2007,6,5
149500,4,440,1400,672,672,6,1,1978,2,728,7844,209,1978,6,4
239000,3,864,2624,1370,1370,6,1,1918,3,1254,22420,1128,1950,10,4
142000,4,304,1056,1056,1056,5,1,1968,1,0,8450,775,1968,6,4
215000,3,529,1602,1602,1602,6,1,1977,2,0,16635,1246,2000,8,4
113000,4,520,988,988,988,5,0,1954,2,0,21750,0,1954,4,4
315000,3,696,2630,1470,1470,8,1,1998,3,1160,9200,986,1998,8,4
139000,3,297,1196,1196,1196,6,1,1956,1,0,9000,616,1956,6,4
135000,4,240,1389,651,707,7,2,1946,1,682,3378,0,1992,6,4
275000,3,569,1644,1518,1644,7,1,1989,2,0,12800,1518,1989,5,4
109008,4,352,907,907,907,4,0,1957,1,0,8593,288,1957,5,4
195400,3,628,1208,1208,1208,7,0,2007,2,0,6762,664,2007,6,5
175000,3,576,1412,1392,1412,6,1,1988,2,0,11457,1005,1988,6,4
85400,4,264,987,483,483,6,0,1971,1,504,1680,387,1971,4,4
79900,4,0,1198,901,1088,6,0,1920,0,110,5586,0,1998,7,4
122500,4,440,1365,765,765,5,0,1971,2,600,1920,471,1971,6,4
181000,3,470,1604,926,926,6,1,1997,2,678,10839,0,1998,7,4
81000,3,0,630,630,630,4,0,1972,0,0,1890,495,1972,3,4
212000,3,550,1661,799,827,7,1,1996,2,834,10667,385,1996,6,4
116000,2,440,1118,648,734,6,0,1920,2,384,4400,0,1950,6,4
119000,4,180,904,884,904,6,0,1926,1,0,6000,0,2004,4,4
90350,4,352,694,440,694,5,1,1913,1,0,4280,365,2002,4,4
110000,4,528,1196,684,684,6,0,1920,2,512,12354,0,2000,7,4
118000,4,0,1440,1440,1440,4,0,1955,0,0,12108,133,1955,8,4
162900,4,360,1573,1078,1128,5,1,1930,2,445,6240,0,1992,8,4
172500,1,648,1258,1258,1258,7,1,2006,3,0,3922,0,2007,6,5
210000,3,493,1908,915,933,7,1,1994,2,975,8750,642,1995,8,4
127500,4,480,1689,1436,1689,6,1,1956,2,0,9855,0,1956,7,4
190000,4,578,1888,1517,1888,6,1,1966,2,0,16492,247,2002,6,4
199900,3,431,1886,930,956,7,1,1998,2,930,11214,0,1999,10,4
119500,4,198,1376,780,780,6,1,1937,1,596,8600,0,1950,7,4
120000,4,308,1183,649,679,3,0,1948,1,504,6000,331,2002,6,4
110000,4,270,813,813,813,6,0,1930,1,0,5684,0,2005,5,4
204000,1,422,1756,872,888,6,0,1996,2,868,9303,742,1997,7,4
210000,3,676,1590,768,786,8,0,2008,2,804,9000,0,2008,6,4
188000,4,560,1728,1728,1728,5,0,1976,2,0,9297,1606,1976,8,3
175500,4,528,1242,1242,1242,7,1,1973,2,0,9600,916,1973,6,4
98000,4,513,1344,624,624,5,0,1916,3,720,4571,0,1950,7,4
161000,4,228,1666,588,833,8,1,1925,1,833,5100,0,1996,7,4
110000,4,352,1203,709,979,5,1,1950,1,224,7015,185,1950,5,4
263435,3,552,1935,832,832,8,0,2009,2,1103,8004,544,2009,8,5
155000,3,576,1135,560,575,7,0,1936,2,560,7200,350,2007,6,4
62383,4,360,864,864,864,5,1,1965,1,0,8281,553,1965,5,4
188700,4,240,1660,715,849,6,1,1934,1,811,11988,326,1995,6,4
124000,3,0,1040,1040,1040,5,0,1978,0,0,8430,616,1978,5,4
178740,3,398,1414,1375,1414,7,1,2004,2,0,3072,0,2004,6,4
167000,4,526,1277,1277,1277,7,1,1970,2,0,10628,778,1970,5,4
146500,4,312,1644,728,888,5,2,1942,1,756,9480,386,1995,7,4
250000,3,866,1634,1626,1634,8,1,2006,3,0,11428,0,2006,7,4
187000,3,506,1710,832,832,6,0,1993,2,878,9291,426,1993,7,4
212000,3,528,1502,1488,1502,8,0,1985,2,0,6820,368,1985,4,4
190000,3,534,1969,808,1161,7,1,1977,2,808,11952,0,1977,8,4
148000,3,525,1072,547,1072,6,0,2005,2,0,3675,459,2005,5,4
251000,3,499,1652,1494,1652,8,0,2000,2,0,5330,1196,2000,6,4
132500,4,624,970,970,970,5,0,1963,2,0,8480,630,1963,5,4
208900,3,508,1493,1478,1493,6,1,1997,2,0,13125,994,1998,7,4
380000,3,694,2643,2153,2069,9,1,2006,3,574,13693,0,2006,9,4
297000,1,826,1718,1705,1718,8,1,2007,3,0,10637,1288,2008,7,4
326000,1,772,1850,1833,1850,9,1,2004,3,0,16033,1261,2005,8,4
374000,1,874,1792,1792,1792,9,1,2003,3,0,11846,1567,2004,6,4
155000,4,164,1826,910,916,7,1,1915,1,910,2500,299,2005,7,4
164000,1,402,1216,1216,1216,6,0,1998,2,0,4500,897,1998,5,4
132500,4,264,999,999,999,5,0,1962,1,0,7758,588,2001,6,4
147000,4,264,1113,1113,1113,5,1,1950,1,0,9600,607,2007,5,4
156000,4,515,1073,1073,1073,5,0,1965,2,0,10289,836,1965,6,4
175000,3,487,1484,1484,1484,5,1,1971,2,0,12243,998,1971,7,4
160000,4,520,2414,954,1766,5,1,1900,2,648,10800,664,1970,10,4
86000,3,286,630,630,630,4,0,1970,1,0,1526,515,2002,3,4
115000,3,336,1304,264,616,5,1,1976,1,688,2665,0,1976,4,4
133000,4,240,1578,806,958,6,2,1941,1,620,9490,403,1950,5,4
172785,3,429,1456,728,728,6,0,2006,2,728,15578,0,2006,8,5
155000,4,308,1269,1269,1269,5,1,1960,1,0,7931,374,1960,6,4
91300,2,273,886,190,886,5,0,1938,1,0,5784,0,1996,4,4
34900,4,0,720,720,720,4,0,1920,0,0,7879,495,1950,4,4
184000,4,240,1820,1026,1133,7,0,1925,1,687,9120,329,1950,8,4
130000,4,288,899,864,899,5,0,1967,1,0,7800,450,2004,5,4
120000,4,297,912,912,912,5,0,1958,1,0,7535,111,1985,5,4
113000,4,264,1218,672,672,6,0,1973,1,546,1890,356,1973,7,4
226700,3,603,1768,866,866,7,0,2005,2,902,9803,400,2005,7,4
140000,4,461,1214,1214,1214,5,0,1965,2,0,9170,698,1965,6,4
289000,4,484,1801,1501,1801,7,2,1959,2,0,15602,1247,1997,6,4
147000,4,440,1322,855,855,6,1,1974,2,467,2308,257,1974,6,4
124500,4,400,1960,960,960,5,0,1952,2,1000,7596,0,1952,10,4
215000,3,471,1911,777,1065,8,1,1993,2,846,9554,380,1994,8,4
208300,3,676,1218,1218,1218,6,0,2009,2,0,7862,27,2009,4,5
161000,4,360,1378,689,689,7,1,1928,2,689,9600,141,2005,7,4
124500,4,270,1041,1041,1041,5,0,1959,1,0,9600,991,1959,6,4
164900,4,288,1363,1008,1363,5,2,1951,1,0,14559,650,2000,6,4
202665,3,474,1368,1368,1368,7,1,2005,2,0,6792,0,2006,6,5
129900,4,624,864,864,864,5,0,1958,2,0,9100,521,1958,5,4
134000,4,484,1080,1084,1080,6,0,1983,2,0,9187,336,1983,5,4
96500,4,200,789,768,789,5,0,1926,1,0,10594,0,1950,5,4
402861,1,900,2020,2006,2020,10,1,2009,3,0,12220,1436,2009,9,5
158000,4,583,2119,689,1378,6,1,1972,2,741,10448,0,1972,7,4
265000,3,889,2344,1264,1277,7,1,1996,3,1067,10208,0,1997,7,4
211000,3,546,1796,794,882,6,0,1998,2,914,9531,706,1998,7,4
234000,3,282,2080,1276,1276,7,2,1926,1,804,10918,0,2004,9,4
106250,4,0,1294,0,694,4,0,1900,0,600,10800,0,2000,7,4
150000,4,336,1244,1244,1244,6,2,1957,1,0,11988,777,1957,6,4
159000,4,420,1664,1004,1004,6,2,1947,2,660,5000,399,1950,7,4
315750,3,834,2398,1379,1383,7,1,1996,3,1015,11787,719,1997,8,4
176000,3,453,1266,1257,1266,7,1,2005,2,0,7500,0,2005,6,4
132000,3,252,928,928,928,5,0,1956,1,0,13300,377,2000,4,4
86000,4,0,605,528,605,4,0,1920,0,0,9098,348,2002,5,4
175000,3,600,1509,1461,1509,6,1,1988,2,0,10200,783,1989,5,4
128000,2,502,1362,611,751,6,0,1920,2,611,6155,0,1999,6,4
107500,4,392,827,0,827,5,1,1955,1,0,7200,0,2007,5,4
178000,1,403,1414,707,707,8,1,2004,2,707,9056,0,2004,6,4
107500,3,0,1347,1117,820,5,0,1910,0,527,7000,969,1991,5,4
188000,3,527,1724,880,880,7,0,1998,2,844,8924,0,1999,8,4
111250,4,576,864,864,864,4,0,1972,2,0,12735,600,1972,5,4
158000,4,336,1159,1051,1159,5,1,1968,1,0,11553,673,1968,7,4
272000,3,670,1601,1581,1601,8,1,2001,2,0,11423,1358,2002,6,4
315000,1,765,1838,1838,1838,9,1,2006,3,0,14601,1260,2006,8,4
248000,3,648,2285,969,997,8,1,2000,3,1288,11000,0,2000,8,4
213250,1,583,1680,1650,1680,7,1,1998,2,0,10140,144,1999,7,4
133000,3,367,767,723,767,7,0,1998,1,0,4058,584,1998,4,4
179665,3,426,1496,654,664,7,1,2006,2,832,17104,554,2006,7,5
229000,3,786,2183,1204,1377,7,0,1988,3,806,13837,1002,1988,9,4
210000,3,440,1635,1065,915,6,1,1923,2,720,8737,300,1950,6,4
129500,3,624,768,768,768,5,0,1970,2,0,7244,619,1970,5,4
125000,4,720,825,825,825,5,0,1955,2,0,8235,180,1995,4,4
263000,3,615,2094,912,912,7,1,2003,2,1182,9375,0,2004,8,4
140000,3,440,1069,1069,1069,6,0,1977,2,0,4043,559,1977,4,4
112500,4,288,928,928,928,5,0,1957,1,0,6000,308,1957,5,4
255500,1,908,1717,1709,1717,8,1,2006,3,0,11146,0,2006,7,4
108000,4,520,1126,0,1126,4,0,1949,2,0,8777,0,2003,5,4
284000,3,871,2046,998,1006,7,1,2003,3,1040,10625,866,2004,8,4
113000,4,280,1048,993,1048,5,1,1922,1,0,6380,0,1950,5,4
141000,4,299,1092,1092,1092,5,1,1957,1,0,14850,895,1957,6,4
108000,4,570,1336,637,897,4,0,1920,1,439,11040,637,1950,7,4
175000,3,406,1446,729,729,7,1,1996,2,717,21872,604,1997,6,4
234000,3,420,1557,1374,1557,7,1,2003,2,0,3196,0,2004,7,4
121500,3,528,1392,1392,1392,5,1,1957,2,0,11341,1302,1996,5,4
170000,3,418,1389,1389,1389,5,1,1974,2,0,10010,1071,1975,6,4
108000,4,0,996,996,996,5,1,1940,0,0,13907,290,1969,6,4
185000,3,396,1674,1163,1163,6,1,1918,2,511,21780,0,1950,8,4
268000,3,590,2295,1095,1166,7,1,1992,2,1129,13346,728,2000,9,4
128000,3,216,1647,806,841,6,0,1915,1,806,6858,0,1950,6,4
325000,3,656,2504,1122,1134,9,1,2005,3,1370,11198,0,2007,11,4
214000,3,532,1535,1517,1535,7,0,2004,2,0,10171,2,2004,7,4
316600,3,612,2132,1496,1496,8,1,1983,2,636,12327,1441,2009,5,4
135960,3,600,943,943,943,5,2,1979,2,0,7032,943,1979,4,4
142600,4,576,1728,1728,1728,5,0,1965,2,0,13101,231,1965,10,4
120000,4,288,864,864,864,6,0,1959,1,0,7332,414,1959,4,4
224500,1,650,1692,846,846,7,0,2009,2,846,13159,0,2009,6,5
170000,3,400,1430,384,774,7,1,2000,2,656,9967,0,2000,8,4
139000,4,288,1109,372,576,5,0,1971,1,533,10500,349,2005,5,4
118500,4,336,1216,832,832,5,0,1947,1,384,8480,442,1950,6,4
145000,4,216,1477,861,877,7,1,1928,1,600,6292,0,1950,6,4
164500,4,564,1320,1164,1320,5,2,1966,2,0,11777,328,1966,6,4
146000,3,540,1392,689,703,7,0,2007,2,689,3604,0,2007,5,4
131500,4,352,1795,1050,1050,5,0,1954,1,745,12150,0,1954,7,4
181900,4,572,1429,1144,1429,6,2,1960,2,0,14585,594,1987,7,4
118500,3,0,816,816,816,6,0,1990,0,0,11841,816,1990,5,4
325000,4,880,2775,1237,1521,10,1,1893,2,1254,13500,0,2000,9,4
133000,4,240,1573,884,989,4,0,1935,1,584,6120,0,1995,6,4
369900,1,880,2028,1868,2028,8,2,2005,3,0,11443,1460,2006,7,5
130000,4,275,838,816,838,6,0,1918,1,0,10267,210,2000,5,4
137000,4,528,860,840,860,5,0,1982,2,0,8740,672,1982,4,4
143000,4,452,1473,1437,1473,5,2,1968,1,0,25095,1324,2003,5,5
79500,4,308,935,742,779,5,0,1930,1,0,9100,0,1960,4,4
185900,3,520,1582,770,770,7,0,2004,2,812,8320,490,2004,6,4
138000,4,816,816,816,816,5,0,1982,2,0,6600,816,2003,4,4
140000,3,420,848,848,848,6,0,2003,2,0,4435,685,2003,4,4
110000,3,280,924,924,924,5,0,1975,1,0,7990,0,1975,5,4
319000,3,758,1826,1814,1826,8,1,2005,3,0,11302,1422,2006,7,5
114504,4,216,1368,684,684,6,0,1910,1,684,3600,0,1993,7,4
194201,1,648,1402,1258,1402,7,1,2006,3,0,3922,0,2007,7,5
217500,3,621,1647,1430,1647,5,1,1977,2,0,12984,1283,1977,7,4
151000,3,452,1556,716,716,6,1,1980,2,840,1950,81,1980,6,4
275000,3,736,1904,1058,1058,8,1,2005,2,846,10927,546,2005,8,4
141000,4,544,1375,780,780,6,1,1937,1,595,9000,0,1950,6,4
220000,3,506,1915,908,927,8,1,1992,2,988,10041,789,1992,8,4
151000,3,480,1200,600,600,7,0,2004,2,600,3182,0,2005,4,4
221000,3,530,1494,1494,1494,7,1,2002,2,0,12803,922,2002,6,4
152000,3,576,1040,1040,1040,5,0,1996,2,0,12464,732,1996,6,4
225000,4,230,2008,896,1112,5,0,1948,1,896,7800,603,2002,8,4
118500,4,261,1029,1029,1029,4,0,1961,1,0,7943,903,1961,5,4
313000,1,736,2153,1440,1476,9,2,2000,3,677,11050,904,2000,8,4
148000,3,564,1032,1032,1032,6,1,1978,2,0,10395,605,1978,6,4
261500,3,531,1872,1299,1299,8,1,2001,2,573,11885,990,2001,7,4
147000,3,0,1120,1120,1120,5,0,2007,0,0,8402,206,2007,6,5
75500,3,0,630,630,630,4,0,1972,0,0,1491,150,1972,3,4
137500,4,480,1054,936,1054,6,0,1963,2,0,8800,763,1963,6,4
183200,3,393,1509,783,807,6,1,2002,2,702,7861,457,2003,7,4
105500,4,528,832,832,832,6,0,1954,2,0,7227,0,1954,4,4
314813,1,774,1828,1822,1828,9,1,2007,3,0,11694,48,2007,9,5
305000,3,749,2262,1482,1482,8,2,2003,3,780,12244,871,2003,10,4
67000,4,0,864,864,864,3,0,1914,0,0,8248,41,1950,5,4
240000,4,624,2614,1522,1548,6,1,1974,2,1066,10800,956,1997,9,4
135000,4,484,980,980,980,5,0,1977,2,0,7064,560,1977,6,4
168500,3,440,1512,756,756,6,1,2000,2,756,2117,420,2000,4,4
165150,4,484,1790,732,1012,6,1,1972,2,778,10400,247,1972,8,4
160000,4,440,1116,1116,1116,6,0,1962,2,0,10000,0,1962,5,4
139900,4,286,1422,978,1422,5,1,1960,1,0,12342,0,1978,6,4
153000,4,364,1520,1156,1520,6,2,1955,1,0,9600,674,1972,7,4
135000,3,504,2080,1040,1040,5,2,1969,2,1040,11606,650,1969,9,3
168500,4,520,1350,1248,1350,6,0,1964,2,0,9020,624,1964,6,4
209500,3,627,1554,1554,1554,8,1,2006,2,0,4590,24,2006,6,4
82500,4,544,1411,1386,1411,7,1,1977,2,0,11900,822,1977,6,3
139400,4,260,1056,1056,1056,5,0,1954,1,0,9250,480,2005,6,4
144000,4,576,1056,1056,1056,6,0,1980,2,0,6979,1056,1980,4,4
60000,4,0,800,264,800,2,1,1936,0,0,6120,0,1950,4,4
93000,4,256,1387,811,811,5,0,1954,1,576,6000,0,1954,7,4
85000,2,0,796,796,796,5,0,1910,0,0,8777,0,1950,4,4
264561,3,648,1567,1520,1567,8,1,2006,3,0,3982,1154,2006,7,5
274000,1,588,1518,1518,1518,8,1,2003,2,0,12677,1218,2004,6,4
226000,3,650,1929,1057,1057,7,1,2001,2,872,7050,738,2001,7,4
152000,4,462,1620,780,780,5,0,1969,2,840,10793,493,1969,7,4
370878,1,478,1766,1766,1766,9,1,2009,3,0,9187,1121,2009,7,5
143250,4,576,981,981,981,6,0,1971,2,0,10530,282,1971,5,4
98300,4,420,1048,0,1048,5,0,1950,2,0,7200,0,1950,7,4
155000,4,495,1094,1094,1094,6,2,1953,2,0,10452,500,1953,5,4
155000,4,442,1839,756,1051,6,1,1966,2,788,7700,0,1966,7,4
84500,3,0,630,630,630,4,0,1970,0,0,1936,131,1970,3,4
205950,3,562,1665,813,822,7,0,2007,2,843,8125,0,2007,7,4
108000,4,296,1510,755,755,4,1,1940,1,755,9084,0,1950,7,4
191000,3,512,1716,880,909,7,1,1996,2,807,8750,0,1996,7,4
135000,4,216,1469,756,756,6,0,1906,1,713,10320,0,1995,7,4
350000,3,839,2113,2109,2113,8,1,1995,3,0,10437,1696,1995,7,4
88000,4,264,1092,525,525,6,0,1971,1,567,1680,0,1971,6,3
145500,4,312,1053,1053,1053,5,0,1959,1,0,10007,806,2006,5,4
149000,3,270,1502,776,851,7,1,1931,1,651,7200,0,2000,6,4
97500,4,330,1458,912,912,6,1,1948,1,546,17503,0,1950,6,4
167000,4,480,1486,1486,1486,5,0,1964,2,0,9937,637,1999,7,4
197900,3,550,1935,793,1142,7,1,1976,2,793,12384,0,1976,7,4
110000,2,576,1392,1392,1392,6,2,1968,2,0,13560,0,1968,5,4
137500,3,588,1181,1138,1181,4,0,1972,2,0,10012,920,1972,6,4
230500,3,504,1936,1406,1454,8,1,2000,2,482,11194,0,2000,7,4
129000,3,596,2380,1021,1465,6,1,1965,2,915,18450,187,1979,7,4
193500,3,575,1679,1408,1679,6,1,1994,2,0,8125,1138,1998,7,4
168000,4,576,1437,1188,1437,5,1,1956,2,0,14175,988,1987,6,4
137500,2,252,1180,700,1180,4,1,1922,1,0,11600,0,1950,5,4
173500,3,540,1476,738,738,6,0,2005,2,738,8633,193,2005,7,4
103600,4,300,1369,672,697,6,0,1925,1,672,6629,551,1950,6,4
165000,3,546,1208,1208,1208,6,1,1977,2,0,11250,767,1977,6,4
257500,4,416,1839,1477,1839,6,2,1957,2,0,14442,1186,2004,7,4
140000,4,384,1136,1136,1136,6,1,1965,1,0,9200,892,1965,5,4
148500,4,440,1441,855,855,6,1,1978,2,586,2289,311,1978,7,4
87000,4,779,1774,1095,1095,4,0,1900,3,679,9600,0,1950,8,4
109500,4,240,792,768,792,5,0,1924,1,0,9022,0,2006,5,4
372500,1,834,2046,2046,2046,8,1,2008,3,0,11844,0,2008,7,5
128500,4,572,988,988,988,5,0,1961,2,0,9945,827,1961,5,4
143000,3,264,923,923,923,6,1,1980,1,0,8012,543,1980,5,4
159434,4,281,1520,793,848,5,0,1932,1,672,4500,182,2000,6,4
173000,3,431,1291,1291,1291,6,1,1996,2,0,2887,1003,1997,6,4
285000,3,702,1668,1626,1668,9,1,2002,3,0,11248,1059,2002,7,4
221000,3,486,1839,1195,1195,7,0,1998,2,644,16770,0,1998,7,4
207500,3,577,2090,1190,1190,7,1,1984,2,900,5062,828,1984,6,4
227875,3,578,1761,874,874,7,0,2007,2,887,10207,0,2007,7,5
148800,3,480,1102,551,551,7,0,2004,2,551,5105,239,2004,4,4
392000,3,567,1419,1419,1419,8,1,2007,2,0,8089,945,2007,7,5
194700,3,460,1362,1362,1362,6,1,2005,2,0,7577,20,2006,6,4
141000,3,420,848,848,848,6,1,2004,2,0,4426,697,2004,3,4
335000,3,628,2519,1210,1238,7,2,1989,2,1281,26178,965,1990,9,4
108480,4,326,1073,1073,1073,5,0,1921,1,0,5400,0,1968,4,4
141500,4,576,1539,927,1067,5,0,1936,2,472,6120,0,1950,5,4
176000,3,551,1137,1112,1137,6,1,1987,2,0,13811,980,1987,5,4
89000,4,205,616,616,616,5,0,1921,1,0,6000,616,1950,4,4
123500,1,308,1148,980,1148,5,0,1952,1,0,6420,210,1952,6,4
138500,4,336,894,894,894,5,1,1965,1,0,8450,553,2009,5,4
196000,3,530,1391,1391,1391,7,0,2004,2,0,4282,16,2004,5,4
312500,1,765,1800,1800,1800,8,1,2002,3,0,14331,1274,2002,7,4
140000,4,528,1164,1164,1164,7,0,1969,2,0,9600,0,1969,6,4
361919,1,666,2576,1234,1264,8,1,2006,3,1312,12438,0,2006,10,5
140000,3,672,1812,360,1032,5,1,1900,2,780,7630,0,1996,8,4
213000,3,606,1484,1473,1484,7,0,2004,2,0,8400,712,2005,7,4
55000,4,0,1092,0,372,4,0,1930,0,720,5600,0,1950,7,4
254000,3,550,1324,1324,1324,8,1,2006,2,0,6240,863,2006,6,4
179540,3,400,1456,728,728,7,1,2007,2,728,9018,0,2007,8,5
109900,4,408,904,876,904,5,0,1966,1,0,7162,0,1966,6,4
52000,4,0,729,270,729,3,0,1935,0,0,4130,0,2003,5,4
102776,4,384,1178,859,859,4,0,1900,1,319,8712,0,1950,7,4
189000,3,472,1228,1228,1228,8,1,1988,2,0,4671,767,1989,5,4
129000,4,576,960,960,960,4,0,1970,2,0,9873,789,1970,6,4
130500,4,475,1479,725,725,6,0,1976,2,754,13517,533,2005,6,4
165000,3,478,1350,1064,1350,6,1,1974,2,0,10140,0,1974,7,4
159500,4,704,2554,718,1576,7,0,1890,2,978,10800,0,1998,8,4
157000,3,439,1178,1176,1178,5,1,1973,2,0,10000,1084,2000,5,4
341000,3,983,2418,1311,1325,7,1,1993,3,1093,10542,1173,1994,9,4
128500,3,300,971,971,971,5,1,1969,1,0,9920,523,1969,5,4
275000,3,564,1742,1742,1742,8,1,1985,2,0,6563,1148,1985,5,4
143000,3,420,848,848,848,6,0,2004,2,0,4426,662,2004,3,4
124500,4,463,864,864,864,4,0,1970,2,0,8120,191,1970,5,4
135000,4,548,1470,941,997,4,0,1954,1,473,8172,0,1972,7,4
320000,1,768,1698,1698,1698,9,1,2007,3,0,13286,1234,2008,8,4
120500,4,660,864,864,864,4,0,1970,2,0,6960,375,1970,5,4
222000,3,540,1680,880,1680,6,1,1988,2,0,21695,808,2007,5,4
194500,3,632,1232,1232,1232,7,0,2007,2,0,7314,724,2007,6,4
110000,4,888,1776,1584,1776,5,0,1958,3,0,11475,0,1958,9,4
103000,4,539,1208,780,848,4,0,1925,2,0,6240,152,1950,5,4
236500,3,608,1616,1595,1616,8,1,1995,2,0,5389,1180,1996,5,4
187500,1,438,1146,868,1146,7,1,2003,2,0,9590,786,2003,6,4
222500,3,541,2031,1153,1153,7,1,1998,2,878,11404,252,1999,8,4
131400,4,264,1144,864,1144,5,1,1961,1,0,10000,594,1983,6,4
108000,4,300,948,948,948,5,0,1968,1,0,8978,0,1968,6,3
163000,3,320,1768,880,880,7,2,1914,2,888,10800,390,1970,6,4
93500,4,400,1040,0,1040,3,0,1950,2,0,8544,0,1950,6,4
239900,3,800,1801,893,901,8,1,2005,3,900,10463,0,2005,8,4
190000,3,572,1728,864,864,7,0,2004,2,864,9313,0,2004,7,4
132000,2,360,1432,264,768,5,0,1910,2,664,9600,0,2002,7,4
142000,4,288,912,912,912,6,0,1961,1,0,6768,832,1996,5,4
179000,3,539,1349,1349,1349,7,0,2000,2,0,8450,0,2001,6,4
175000,3,480,1464,520,1464,5,1,1963,2,0,12886,444,1999,6,4
180000,3,462,1337,1337,1337,8,1,1993,2,0,5395,733,1993,5,4
299800,4,831,2715,1142,1175,8,2,1976,2,1540,8963,575,1996,11,4
236000,3,554,2256,952,980,7,1,2000,2,1276,8795,300,2000,8,4
260400,3,527,1720,1720,1720,7,1,1996,2,0,10593,919,1996,7,4
98000,4,240,1529,0,1088,4,0,1945,1,441,8405,0,1950,9,4
96500,4,0,1140,576,792,4,0,1910,0,348,8800,0,2004,7,4
162000,3,400,1320,660,660,7,0,2003,2,660,7750,0,2003,6,4
217000,3,576,1494,1479,1494,6,0,1997,2,0,9236,1200,1997,6,4
275500,3,878,2098,1030,1038,8,1,2005,3,1060,10240,0,2005,8,4
156000,4,440,1026,1026,1026,6,0,1969,2,0,7930,439,2005,5,4
172500,3,440,1471,729,742,6,0,1999,2,729,3230,381,1999,6,4
212000,3,578,1768,866,866,8,0,2007,2,902,10769,20,2007,7,4
158900,4,440,1386,672,672,6,1,1978,2,714,11616,438,1978,6,4
179400,3,440,1501,744,757,7,0,1999,2,744,2280,549,1999,6,4
290000,3,752,2531,1318,1328,8,1,1995,3,1203,12257,56,1995,9,4
127500,4,300,864,864,864,6,0,1959,1,0,9100,612,1959,5,4
100000,4,440,1301,1145,1301,5,0,1924,2,0,6911,405,1950,5,4
215200,3,614,1547,756,764,7,0,2009,2,783,8640,24,2009,7,4
337000,3,856,2365,1252,1268,8,1,1999,3,1097,9430,1163,1999,8,4
270000,3,481,1494,1494,1494,8,1,1995,2,0,9549,437,1996,6,4
264132,3,592,1506,1498,1506,9,1,2008,2,0,14587,0,2008,6,5
196500,3,496,1714,980,980,7,1,1988,2,734,10421,394,1988,7,4
160000,3,423,1750,983,983,6,0,1940,1,767,12508,660,1985,7,4
216837,3,484,1836,1860,1836,7,1,2004,2,0,9100,24,2005,8,4
134900,3,576,858,858,858,5,0,1982,2,0,7252,685,1982,5,4
102000,2,396,1220,836,1220,4,0,1951,2,0,8877,836,1951,6,4
107000,4,672,1117,1029,1117,6,1,1976,2,0,7819,422,1976,6,4
114500,4,275,912,912,912,5,0,1958,1,0,10150,456,1958,5,4
395000,3,895,1973,1935,1973,8,1,2006,3,0,14226,0,2006,9,5
162000,1,412,1204,1204,1204,6,0,1998,2,0,4500,866,1998,5,4
221500,3,865,1614,1614,1614,7,0,2005,3,0,11210,20,2006,7,5
142500,4,440,894,864,894,5,1,1974,2,0,13350,762,1974,5,4
144000,4,630,2020,0,2020,5,2,1977,2,0,8400,0,1977,10,4
135000,3,504,1004,975,1004,6,0,1977,2,0,10530,975,1977,4,4
176000,3,402,1253,1237,1253,7,1,1995,2,0,7875,0,1996,6,4
175900,3,484,1603,761,810,6,0,1992,2,793,7153,387,1992,7,4
187100,3,605,1430,1413,1430,7,0,2001,2,0,16285,0,2002,6,4
165500,3,602,1110,1097,1110,5,1,1978,2,0,9101,1097,1978,4,4
128000,4,0,1484,742,742,6,1,1914,0,742,6300,0,2001,9,4
161500,4,457,1342,1372,1342,6,1,1967,2,0,9790,251,1967,7,4
139000,2,416,1652,686,966,5,0,1915,1,686,10800,686,1950,7,4
233000,3,618,2084,956,956,7,0,2004,2,1128,10142,656,2004,8,4
107900,4,281,901,901,901,4,0,1954,1,0,6000,0,2000,4,4
187500,4,444,2087,832,976,6,0,1966,2,1111,12205,568,2007,9,4
160200,3,397,1145,1145,1145,7,1,2005,2,0,3182,16,2006,5,4
146800,3,539,1062,1029,1062,6,2,1976,2,0,11333,539,1976,5,4
269790,3,455,2013,1117,1127,7,1,1996,2,886,9920,862,1997,8,4
225000,3,474,1496,1496,1496,8,0,2007,2,0,9158,0,2007,7,5
194500,3,409,1895,712,1086,7,1,1994,2,809,10832,0,1996,7,4
171000,3,476,1564,650,888,6,1,1980,2,676,8400,0,1981,7,4
143500,4,528,1285,660,1285,6,1,1977,2,0,8197,0,1977,7,4
110000,4,240,773,773,773,5,0,1953,1,0,7677,570,1953,4,4
175000,3,240,1768,731,981,5,2,1937,1,787,7200,569,1950,7,4
200000,3,603,1688,616,616,6,0,1997,2,1072,12798,462,1997,8,4
109900,4,440,1196,1196,1196,4,0,1916,2,0,4800,197,1990,5,4
189000,3,410,1456,728,728,7,1,2005,2,728,8199,648,2005,7,4
118000,4,286,1128,936,1128,5,0,1954,1,0,9000,812,1954,5,3
227680,3,554,1428,1417,1428,7,0,2008,2,0,12274,0,2008,6,5
135500,4,384,980,980,980,5,0,1967,1,0,9750,400,1967,6,4
223500,4,528,1576,1324,1072,5,1,1923,2,504,21384,1309,2004,6,4
159950,4,484,1086,1024,1086,5,1,1966,2,0,13400,516,1966,6,4
106000,4,360,2138,849,1075,5,0,1898,2,1063,8100,0,1965,11,4
181000,4,484,1309,1040,1309,6,1,1974,2,0,10140,663,1999,5,4
144500,3,420,848,848,848,6,1,2004,2,0,4438,662,2004,4,4
157900,4,301,1442,1442,1442,6,0,1958,1,0,9750,608,1958,7,4
116000,4,280,1250,686,686,5,0,1918,1,564,8248,0,1950,7,4
224900,3,598,1661,1649,1661,7,0,1998,2,0,12137,0,1998,6,4
137000,4,275,1008,1008,1008,5,1,1954,1,0,11425,486,1954,4,4
271000,3,857,1689,1568,1689,8,2,2002,3,0,13265,1218,2002,7,4
155000,4,440,1052,1010,1052,6,0,1971,2,0,8816,504,1971,6,4
224000,3,484,1358,1358,1358,7,1,2009,2,0,6371,733,2010,6,5
183000,3,595,1640,798,798,7,0,2003,2,842,7226,0,2003,6,4
93000,2,576,936,936,936,4,0,1953,2,0,6000,0,1953,4,4
225000,3,433,1733,847,847,7,1,2003,2,886,12394,0,2003,7,3
139500,4,240,1489,778,944,6,1,1940,1,545,9900,0,1950,7,4
232600,3,776,1489,1489,1489,8,1,2006,2,0,11216,0,2006,7,5
109500,4,0,784,784,784,5,0,1924,0,0,6130,784,1950,5,4
189000,3,527,1434,1454,1434,7,1,2001,2,0,8529,20,2001,6,4
185000,4,538,2126,1013,1160,5,0,1967,2,966,28698,249,1967,7,4
147400,3,480,1223,600,520,7,0,2005,2,623,2544,0,2005,4,4
166000,4,458,1392,1392,1392,6,2,1957,2,0,11900,1040,1957,6,4
151000,3,480,1200,600,520,7,0,2005,2,600,3180,0,2005,4,4
237000,3,613,1829,941,941,7,1,2003,2,888,9548,483,2003,7,4
167000,4,472,1516,1516,1516,6,0,1964,2,0,10004,196,1964,6,4
139950,4,456,1144,1144,1144,5,0,1961,2,0,7875,572,1961,6,4
128000,3,436,1067,1067,1067,4,0,1950,2,0,9600,442,1995,4,4
153500,4,812,1559,1559,1559,5,0,1948,2,0,8100,338,1973,5,4
100000,4,264,987,483,483,6,0,1973,1,504,1680,330,1973,5,4
144000,3,352,1099,1099,1099,5,0,1995,1,0,9525,0,2006,6,4
130500,4,240,1200,768,768,5,0,1946,1,432,11767,352,1995,6,4
140000,4,400,1482,672,810,6,0,1925,1,672,12155,156,1950,7,4
157500,4,686,1539,650,958,5,1,1904,2,581,10440,0,2002,8,4
174900,4,490,1165,1127,1165,6,0,1966,2,0,9020,312,1966,6,4
141000,4,0,1800,1800,1800,5,0,1961,0,0,8000,0,1961,10,4
153900,4,720,1416,876,876,5,1,1915,3,540,12665,0,1950,7,4
171000,3,611,1701,1390,1701,5,2,1975,2,0,16647,1390,1981,6,4
213000,3,425,1775,740,1006,7,1,1993,2,769,9317,513,1993,7,4
133500,4,338,864,864,864,5,1,1972,1,0,15523,460,1972,5,4
187000,4,512,1855,528,1094,6,1,1976,2,761,9600,0,1994,7,4
131500,3,420,848,848,848,6,0,2003,2,0,4435,659,2003,3,4
215000,3,400,1456,1273,1456,8,1,2003,2,0,3196,0,2003,7,4
164000,4,240,1646,918,918,7,2,1941,1,728,7128,364,1950,7,4
158000,4,645,1445,1127,1445,6,1,1964,2,0,12095,564,1964,7,4
170000,4,454,1779,1763,1779,5,1,1955,2,0,17920,306,1974,6,4
127000,4,260,1040,1040,1040,5,0,1962,1,0,6897,659,2010,6,4
147000,3,576,1026,940,1026,6,0,1978,2,0,10970,505,1978,5,4
174000,3,343,1481,702,702,6,1,1994,2,779,8125,0,1995,6,4
152000,3,479,1370,1090,1370,7,1,1976,2,0,10400,0,1976,6,3
250000,4,619,2654,1054,1512,6,1,1968,2,1142,11029,619,1984,9,4
189950,4,216,1426,912,912,7,1,1918,1,514,7642,0,1998,7,4
131500,4,504,1039,1039,1039,5,0,1965,2,0,11625,841,1965,6,4
152000,3,480,1097,1040,1097,6,0,1984,2,0,9672,338,1985,6,4
132500,4,672,1148,1148,1148,5,0,1959,1,0,7931,1148,1959,6,4
250580,1,529,1372,1372,1372,7,0,2007,2,0,8640,0,2008,6,5
148500,4,902,1002,1002,1002,5,0,1970,2,0,8750,828,1970,5,4
248900,3,870,1646,1638,1646,8,1,2006,3,0,10656,0,2007,6,5
129000,4,544,1120,1040,1120,4,0,1961,2,0,6970,932,1961,5,4
169000,4,672,2320,0,1547,5,1,1948,2,720,14762,0,1950,7,4
236000,3,574,1949,1050,1062,7,1,1993,2,887,9938,750,1994,8,4
109500,4,308,894,894,894,5,0,1962,1,0,6600,0,1962,5,4
200500,3,523,1682,804,804,6,0,1998,2,878,8750,505,1998,7,4
116000,4,414,910,105,910,5,0,1953,2,0,8892,0,1996,5,4
133000,4,288,1268,832,1036,5,1,1949,1,0,12144,375,1950,6,4
66500,4,200,1131,676,676,5,0,1941,1,455,5720,0,1950,5,4
303477,3,550,2610,1184,1184,8,1,2007,2,1426,9000,64,2007,11,5
132250,4,648,1040,1064,1040,4,0,1963,2,0,25286,633,1963,5,4
350000,1,738,2224,1462,1462,9,1,2004,3,762,8834,1170,2005,10,4
148000,4,576,1155,1109,1155,5,0,1961,2,0,11782,899,1995,6,4
136500,4,336,864,864,864,5,0,1978,1,0,7000,646,2005,6,4
157000,1,450,1090,1090,1090,5,0,2005,2,0,7024,980,2006,5,4
187500,3,400,1717,1156,1187,7,1,1990,2,530,13758,902,1991,7,4
178000,3,389,1593,808,808,6,1,1992,2,785,9636,0,1993,7,4
118500,4,440,2230,795,954,4,0,1912,1,795,6204,0,1950,10,4
100000,4,288,892,892,892,5,0,1967,1,0,7150,432,1967,5,4
328900,1,506,1709,1698,1709,9,1,1999,2,0,5119,1238,2000,5,4
145000,4,588,1712,1626,1712,5,0,1959,2,0,8393,528,2005,8,3
135500,4,300,1393,816,872,5,0,1955,1,521,16466,0,1955,8,4
268000,4,621,2217,2217,2217,8,1,1970,2,0,15865,351,1970,8,4
149500,4,505,1505,1505,1505,6,1,1953,2,0,12160,1024,1953,6,4
122900,4,576,924,672,672,5,1,1949,2,252,8064,0,2006,6,4
172500,4,440,1683,918,918,6,1,1978,2,765,11184,226,1978,7,4
154500,4,264,1068,1059,1068,6,0,1963,1,0,8414,663,2003,6,4
165000,3,354,1383,1383,1383,5,1,1954,1,0,13284,1064,1954,6,4
140000,4,483,1796,780,983,6,1,1963,2,813,7056,400,1963,8,4
106500,4,327,951,951,951,4,0,1936,1,0,8765,285,1950,6,4
135000,4,288,1236,912,1236,5,1,1961,1,0,6993,465,1994,6,4
110000,4,684,858,858,858,4,0,1971,1,0,7340,322,1971,4,4
153000,4,756,1306,992,1306,5,0,1957,1,0,8712,860,2000,5,4
180000,3,393,1509,783,807,7,1,2003,2,702,7875,0,2003,8,4
240000,3,690,1670,1670,1670,7,1,2006,3,0,14859,0,2006,7,5
125500,4,288,902,876,902,5,0,1967,1,0,6173,599,1967,6,4
128000,4,280,1063,1056,1063,5,0,1954,1,0,9920,354,1954,6,4
255000,3,865,1636,1623,1636,8,1,2006,3,0,13501,63,2006,8,4
250000,3,180,2057,1017,1020,7,1,1936,1,1037,11500,223,1987,6,4
131000,3,484,902,864,902,5,0,1983,2,0,8885,301,1983,5,4
174000,3,390,1484,742,742,6,1,2005,2,742,12589,0,2005,8,4
143500,3,252,1268,1268,1268,5,0,1977,1,0,9286,196,1989,5,4
88000,4,450,1015,768,1015,5,0,1925,1,0,6120,489,1950,6,4
145000,4,871,2002,1001,1001,5,0,1949,3,1001,6270,284,1950,8,4
173733,3,528,1224,612,612,6,0,2009,2,612,3000,294,2009,4,5
75000,4,286,1092,546,546,4,0,1970,1,546,2001,0,1970,6,4
35311,4,308,480,480,480,2,0,1949,1,0,9000,50,1950,4,4
135000,4,284,1229,1134,1229,4,0,1956,1,0,17140,1059,1956,6,4
238000,1,833,2127,1104,912,7,1,1991,3,1215,13125,48,1991,8,4
176500,3,601,1414,1184,1414,6,1,1958,2,0,11029,528,2002,6,4
201000,3,471,1721,928,936,6,0,1994,2,785,8462,814,1994,7,4
145900,4,0,2200,1272,1272,5,0,1900,0,928,8777,1084,2003,9,4
169990,3,397,1316,1316,1316,6,1,2005,2,0,10237,28,2006,6,5
193000,3,533,1617,1604,1617,6,1,1993,2,0,8012,165,1994,5,4
207500,3,612,1686,1686,1686,6,1,1980,2,0,10240,625,1980,7,4
175000,3,540,1126,1126,1126,5,0,1977,2,0,15611,767,1977,6,4
285000,3,656,2374,1181,1234,8,1,2003,3,1140,11999,0,2004,10,4
176000,4,486,1978,832,1098,7,1,1968,2,880,9900,552,1968,9,4
236500,3,522,1788,1753,1788,8,1,2001,2,0,11838,0,2001,7,4
222000,3,642,2236,964,993,7,1,1997,2,1243,13006,0,1997,8,4
201000,3,610,1466,1466,1466,8,0,2007,3,0,8925,16,2007,7,4
117500,4,429,925,925,925,5,0,1965,1,0,9100,338,1965,5,4
320000,1,788,1905,1905,1905,9,1,2006,3,0,11670,0,2006,8,4
190000,3,570,1500,1500,1500,7,0,2004,2,0,8487,20,2004,6,4
242000,3,505,2069,585,2069,7,1,1960,2,0,27650,425,2007,9,4
79900,2,528,747,600,747,4,0,1926,2,0,5825,0,1953,5,4
184900,3,555,1200,1176,1200,7,0,2003,2,0,10083,833,2003,5,4
253000,3,689,1971,1113,1113,7,1,2005,2,858,9675,341,2005,8,4
239799,3,868,1962,1391,1391,7,0,2006,3,571,8760,464,2006,7,5
244400,4,349,2403,1032,1207,7,2,1940,1,1196,24090,0,1950,10,4
150900,4,574,1728,1728,1728,6,0,1976,2,0,12640,936,1976,8,4
214000,3,390,2060,992,1022,7,1,1999,2,1038,8755,772,1999,8,4
150000,3,0,1440,1440,1440,4,0,1977,0,0,7711,1440,1977,8,4
143000,4,576,1632,1632,1632,5,0,1967,2,0,25000,0,1967,8,4
137500,4,525,1344,819,1344,6,1,1958,2,0,14375,111,1958,7,4
124900,4,456,1869,1088,1188,5,0,1890,2,561,8820,1088,1996,7,4
143000,4,796,1144,1144,1144,5,1,1959,1,0,8163,748,1959,6,4
270000,3,808,1629,1616,1629,8,1,2002,3,0,14536,1300,2003,9,4
192500,3,474,1776,936,936,7,1,2002,2,840,14006,0,2002,7,4
197500,4,676,1381,1161,1381,6,1,1972,2,0,9360,982,2006,5,4
129000,4,720,864,864,864,5,0,1950,2,0,7200,398,2002,5,4
119900,4,300,965,828,965,5,0,1965,1,0,7800,641,1965,6,4
133900,3,396,768,768,768,5,0,1972,1,0,7200,660,2003,5,4
172000,4,530,1968,784,1168,5,1,1969,2,800,11075,562,1969,7,4
145000,3,492,1958,979,979,6,0,1946,2,979,7136,484,1950,8,4
124000,3,462,1229,561,561,6,1,1980,2,668,1300,285,1980,5,4
132000,4,576,1057,1057,1057,5,0,1962,2,0,7420,417,1962,6,4
185000,3,531,1337,1337,1337,7,0,2003,2,0,8450,699,2003,6,4
155000,3,484,1416,696,696,7,0,1999,2,720,2572,604,1999,6,4
116500,4,0,858,858,858,5,0,1958,0,0,7207,696,2008,4,4
272000,3,619,2872,1330,1542,6,1,1977,2,1330,12227,896,1995,11,4
155000,3,440,1548,804,804,6,1,1976,2,744,2308,556,1976,7,4
239000,1,702,1800,1800,1800,9,0,2007,2,0,11923,0,2007,7,4
214900,3,510,1894,817,824,7,1,2002,2,1070,11316,624,2003,8,4
178900,3,393,1484,783,783,6,1,2005,2,701,10237,0,2007,8,5
160000,4,256,1308,728,976,5,2,1940,1,332,9600,428,1950,7,4
135000,4,260,1098,1098,1098,5,0,1955,1,0,7390,902,1955,6,4
37900,4,0,968,600,600,3,0,1910,0,368,5925,0,1950,6,4
140000,4,264,1095,588,1095,6,0,1958,1,0,10382,513,1958,6,4
135000,4,0,1192,720,720,4,0,1949,0,472,10800,0,1950,6,4
173000,3,474,1626,764,764,7,0,2003,2,862,2268,567,2004,6,4
99500,3,264,918,918,918,6,1,1979,1,0,7892,0,1979,5,4
182000,3,480,1428,1428,1428,7,0,2007,2,0,11639,0,2008,6,5
167500,3,532,2019,728,1136,7,0,1910,2,883,11414,0,1993,8,4
165000,3,490,1382,673,673,7,0,2000,2,709,2651,641,2000,6,4
85500,3,0,869,440,869,4,0,1923,0,0,5900,0,1958,4,4
199900,3,569,1241,1241,1241,7,0,2006,2,0,4274,1106,2007,4,5
110000,4,400,894,894,894,4,0,1954,2,0,9450,552,1954,5,4
139000,4,480,1121,1121,1121,5,0,1963,2,0,8816,651,1963,5,4
178400,4,588,999,944,999,7,0,1961,2,0,12122,867,2007,6,4
336000,3,676,2612,1225,1276,8,1,1998,3,1336,12203,854,1999,8,4
159895,3,388,1266,1266,1266,7,1,2007,2,0,3182,0,2007,6,4
255900,3,779,2290,1128,1149,8,1,2002,2,1141,11250,0,2002,9,4
126000,4,539,1734,0,1302,5,0,1977,2,432,10125,0,1977,8,4
125000,4,240,1164,1164,1164,5,0,1950,1,0,10880,1040,1950,5,4
117000,4,255,1635,485,1001,6,0,1910,1,634,5310,0,2003,5,4
395192,1,606,1940,1930,1940,9,1,2009,3,0,10159,1646,2010,8,5
195000,4,551,2030,848,1118,6,1,1976,2,912,12046,156,1976,8,4
197000,3,614,1576,770,778,7,0,2006,2,798,8125,0,2006,6,5
348000,3,870,2392,1396,1407,8,1,1997,3,985,9452,1074,1998,7,4
168000,4,424,1742,916,916,8,1,1882,2,826,17671,216,1986,8,4
187000,4,440,1851,822,1020,6,1,1964,2,831,9760,536,1993,7,4
173900,3,564,1500,750,750,6,0,2005,2,750,8846,0,2006,6,5
337500,1,786,1718,1700,1718,10,1,2006,3,0,12456,1172,2007,7,4
121600,4,305,1230,747,774,4,0,1946,1,456,4712,384,1950,5,4
136500,4,368,1050,1050,1050,5,0,1961,1,0,10659,915,1961,6,4
185000,4,615,1442,1442,1442,6,1,1970,2,0,11717,0,1970,6,4
91000,4,210,1077,1007,1077,3,1,1922,1,0,9786,0,1950,6,4
206000,3,632,1208,1187,1208,7,0,2006,2,0,6762,686,2006,6,4
82000,4,528,944,0,944,3,0,1952,2,0,10206,0,1952,4,4
86000,2,216,691,691,691,5,0,1920,1,0,5400,0,1950,4,4
232000,3,824,1574,1574,1574,8,1,2006,3,0,11957,24,2006,7,4
136905,4,528,1680,1680,1680,5,0,1976,2,0,11500,0,1976,8,4
181000,3,457,1504,1346,1504,7,1,2005,2,0,3182,16,2006,7,4
149900,3,328,985,985,985,5,0,1977,1,0,8385,595,1977,6,4
163500,3,484,1657,1657,1657,6,1,1970,2,0,12155,1237,1970,7,4
88000,4,286,1092,546,546,4,0,1970,1,546,2217,273,1970,6,4
240000,1,550,1710,1710,1710,7,1,2004,2,0,12118,0,2005,7,4
102000,4,0,1522,1008,1008,5,0,1926,0,0,6000,0,1950,7,4
135000,4,312,1271,720,720,5,1,1948,1,551,21286,0,1950,7,4
100000,4,0,1664,0,1664,5,0,1965,0,0,9825,0,1965,8,4
165000,4,180,1502,602,900,6,2,1923,1,602,10592,0,1996,7,4
85000,4,280,1022,1022,1022,5,0,1910,1,0,7200,247,2006,4,4
119200,4,240,1082,1082,1082,6,1,1948,1,0,11664,336,1950,5,4
227000,3,528,1665,810,810,8,0,2001,2,855,8400,643,2001,6,4
203000,3,478,1504,1504,1504,7,1,1996,2,0,11883,690,1996,6,4
187500,3,565,1360,1220,1360,8,1,1984,2,0,5814,1036,1984,4,4
160000,3,402,1472,384,802,7,1,1991,2,670,10784,0,1992,7,4
213490,3,440,1506,1362,1506,7,1,2005,2,0,3013,16,2005,6,4
176000,3,451,1132,1132,1132,4,0,2005,2,0,7024,1024,2005,5,4
194000,3,632,1220,1199,1220,7,0,2006,2,0,7406,684,2006,6,5
87000,4,160,1248,912,912,5,0,1930,1,336,9439,324,1950,6,4
191000,3,437,1504,1346,1504,7,1,2005,2,0,3182,16,2006,7,4
112500,4,461,882,882,882,5,0,1972,2,0,7700,138,1972,5,4
167500,4,461,1264,1268,1264,5,2,1960,2,0,9300,697,1960,6,4
293077,3,800,1646,1638,1646,8,1,2007,3,0,9520,1513,2008,7,5
105000,4,240,1376,768,968,5,1,1941,1,408,9492,368,1950,6,4
118000,4,264,1218,672,672,6,0,1972,1,546,1680,317,1972,7,4
160000,4,0,1928,686,948,5,0,1916,0,980,7082,0,1995,10,4
310000,3,796,2520,1338,1352,8,1,1993,3,1168,14541,1012,1993,10,4
230000,3,900,1654,1654,1654,7,0,2002,3,0,8125,986,2002,6,4
119750,2,240,954,920,954,5,1,1938,1,0,6305,0,1950,5,4
84000,4,290,845,0,845,4,0,1957,1,0,11500,0,1957,5,4
315500,1,912,1620,1620,1620,9,1,2007,3,0,12898,1022,2008,6,4
287000,3,905,2263,1055,1055,8,1,2001,2,1208,9240,0,2002,7,4
97000,4,0,1344,546,798,4,1,1970,0,546,1533,0,2008,6,4
80000,3,286,630,630,630,4,0,1970,1,0,1477,509,1970,3,4
155000,4,484,1803,1134,1803,5,1,1957,2,0,13125,168,2000,8,4
173000,4,484,1632,800,800,6,0,1966,2,832,9130,400,2000,7,4
196000,3,624,1306,1306,1306,6,1,2005,2,0,5381,900,2005,5,4
262280,3,514,2329,1475,1532,7,1,1990,2,797,11839,1085,1990,10,4
139600,4,452,1733,0,1733,3,1,1955,2,0,13680,0,1955,8,4
145000,3,672,990,990,990,5,0,1994,2,0,9245,686,1995,5,4
115000,4,336,1771,0,1771,5,1,1960,2,0,21750,0,2006,9,4
84900,4,308,930,0,930,4,0,1946,1,0,11100,0,2006,6,4
176485,3,436,1302,1302,1302,7,0,2007,2,0,8993,0,2007,6,5
200141,3,440,1316,1316,1316,7,1,2007,2,0,11175,0,2007,6,5
165000,4,540,1977,816,1127,6,1,1964,2,850,9500,442,1978,9,4
144500,4,364,1526,1216,1526,5,1,1957,1,0,8562,383,2002,7,4
255000,3,586,1989,1065,1091,8,1,2002,2,898,11367,932,2002,7,4
180000,3,478,1523,1193,1523,6,1,1976,2,0,11361,644,1976,7,4
185850,3,484,1364,1364,1364,7,1,2005,2,0,7052,659,2005,6,4
248000,3,467,1850,973,979,7,1,1994,2,871,29959,595,1994,7,4
335000,1,836,2184,1104,1130,9,1,2008,3,1054,11308,936,2008,10,4
220000,4,432,1991,854,1096,6,1,1932,2,895,11275,297,1950,7,4
213500,3,582,1338,1338,1338,8,0,2001,2,0,4920,616,2001,6,4
90000,4,560,2337,662,1422,5,0,1900,2,915,13600,0,1950,10,4
